-- --------------------------------------------------------
-- Host:                         10.0.0.231
-- Versione server:              5.5.56-MariaDB - MariaDB Server
-- S.O. server:                  Linux
-- HeidiSQL Versione:            9.5.0.5327
-- --------------------------------------------------------

/*!40101 SET @OLD_CHARACTER_SET_CLIENT=@@CHARACTER_SET_CLIENT */;
/*!40101 SET NAMES utf8 */;
/*!50503 SET NAMES utf8mb4 */;
/*!40014 SET @OLD_FOREIGN_KEY_CHECKS=@@FOREIGN_KEY_CHECKS, FOREIGN_KEY_CHECKS=0 */;
/*!40101 SET @OLD_SQL_MODE=@@SQL_MODE, SQL_MODE='NO_AUTO_VALUE_ON_ZERO' */;




-- Dump della struttura di tabella UniMarconiSia.zcfu_CDL
CREATE TABLE IF NOT EXISTS `zcfu_CDL` (
  `ID` int(11) NOT NULL AUTO_INCREMENT,
  `CDL` varchar(255) DEFAULT NULL,
  `ID_ORI` smallint(6) DEFAULT NULL,
  `Orient` varchar(255) DEFAULT NULL,
  PRIMARY KEY (`ID`),
  KEY `CDL` (`CDL`)
) ENGINE=InnoDB AUTO_INCREMENT=38 DEFAULT CHARSET=latin1 ROW_FORMAT=COMPACT;

-- Dump dei dati della tabella UniMarconiSia.zcfu_CDL: ~37 rows (circa)
/*!40000 ALTER TABLE `zcfu_CDL` DISABLE KEYS */;
INSERT INTO `zcfu_CDL` (`ID`, `CDL`, `ID_ORI`, `Orient`) VALUES
	(1, 'L1', 1, 'Storico-artistico'),
	(2, 'L1', 2, 'Archeologico'),
	(3, 'L1', 3, 'Demoetnoantropologico'),
	(4, 'L1', 4, 'Archivistico'),
	(5, 'L18', 1, 'Economia e Management d’Impresa'),
	(6, 'L18', 2, 'Amministrazione e Finanza'),
	(7, 'L18', 3, 'Gestione delle Risorse Umane e Consulenza del Lavoro'),
	(8, 'L18', 4, 'Management dello Sport e degli Eventi Sportivi'),
	(9, 'L10', 1, 'Lettere Classiche'),
	(10, 'L10', 2, 'Lettere Moderne'),
	(11, 'L10', 3, 'Lingue e Letterature Moderne'),
	(12, 'L10', 4, 'Letteratura, Filosofia, Arte'),
	(13, 'L19', 1, 'Educatore Sociale e di Comunità'),
	(14, 'L19', 2, 'Educatore nei Servizi per l’Infanzia'),
	(15, 'L19', 3, 'Educatore Professionale Socio-pedagogico'),
	(16, 'L24', 1, 'Psicologia dei Processi di Base'),
	(17, 'L24', 2, 'Psicologia Sociale, del Lavoro e delle Organizzazioni'),
	(18, 'L24', 3, 'Psicologia dello Sviluppo e dell’Educazione'),
	(19, 'L24', 4, 'Psicologia di Ambito Clinico'),
	(20, 'L22', 1, 'Statutario'),
	(21, 'L20', 1, 'Statutario'),
	(22, 'L36', 1, 'Statutario'),
	(23, 'L36', 2, 'Consulente del Lavoro'),
	(24, 'L14', 1, 'Scienze giuridiche per le professioni amministrative'),
	(25, 'L14', 2, 'Scienze criminologiche, forensi e investigative'),
	(26, 'L14', 3, 'Diritto immobiliare e asset management'),
	(27, 'L14', 4, 'Consulente del lavoro'),
	(28, 'L14', 5, 'Giurista del Terzo Settore'),
	(29, 'L14', 6, 'Scienze giuridiche per il territorio, l’ambiente e l’energia'),
	(30, 'L7', 1, 'Ingegneria civile'),
	(31, 'L9', 1, 'Aerospaziale'),
	(32, 'L9', 2, 'Meccanico'),
	(33, 'L9', 3, 'Gestionale'),
	(34, 'L9', 4, 'Sostenibilità e Transizione'),
	(35, 'L8', 1, 'Cybersecurity'),
	(36, 'L8', 2, 'Intelligenza Artificiale'),
	(37, 'L8', 3, 'Sviluppo Software');
/*!40000 ALTER TABLE `zcfu_CDL` ENABLE KEYS */;

-- Dump della struttura di tabella UniMarconiSia.zcfu_dis
CREATE TABLE IF NOT EXISTS `zcfu_dis` (
  `DIS_ID` int(11) NOT NULL,
  `disciplina` varchar(255) DEFAULT NULL,
  `ssd` varchar(255) DEFAULT NULL,
  PRIMARY KEY (`DIS_ID`)
) ENGINE=InnoDB DEFAULT CHARSET=latin1 ROW_FORMAT=COMPACT;

-- Dump dei dati della tabella UniMarconiSia.zcfu_dis: ~47 rows (circa)
/*!40000 ALTER TABLE `zcfu_dis` DISABLE KEYS */;
INSERT INTO `zcfu_dis` (`DIS_ID`, `disciplina`, `ssd`) VALUES
	(1, 'Letteratura italiana', 'L-FIL-LET/10'),
	(2, 'Letteratura greca', 'L-FIL-LET/02'),
	(3, 'Letteratura latina', 'L-FIL-LET/04'),
	(4, 'Filologia classica', 'L-FIL-LET/05'),
	(5, 'Filologia latina', 'L-FIL-LET/04'),
	(6, 'Lingua Latina', 'L-FIL-LET/04'),
	(7, 'Lingua greca', 'L-FIL-LET/02'),
	(8, 'Storia greca', 'L-ANT/02'),
	(9, 'Storia romana', 'L-ANT/03'),
	(10, 'Antropologia culturale', 'M-DEA/01'),
	(11, 'Geografia', 'M-GGR/01'),
	(12, 'Diritto dei beni culturali e ambientali', 'IUS/10'),
	(13, 'Sociologia della comunicazione', 'SPS/08'),
	(14, 'Abilità informatiche', 'Z-INF'),
	(15, 'Storia medievale', 'M-STO/01'),
	(16, 'Storia moderna', 'M-STO/02'),
	(17, 'Storia contemporanea', 'M-STO/04'),
	(18, 'Storia dell’arte medievale', 'L-ART/01'),
	(19, 'Storia dell’arte moderna', 'L-ART/02'),
	(20, 'Catalogazione e classificazione digitale dei beni culturali', 'M-STO/08'),
	(21, 'Informatica per la comunicazione digitale', 'INF/01'),
	(22, 'Progettazione digitale dei beni culturali', 'ING-INF/05'),
	(23, 'Sistemi informativi per i BBCC', 'ING-INF/05'),
	(24, 'Idoneità linguistica: Inglese – B1', 'Z-ENGB1'),
	(25, 'Tutela e valorizzazione del patrimonio artistico', 'L-ART/04'),
	(26, 'Storia dell’arte contemporanea', 'L-ART/03'),
	(27, 'Economia e Management dei BBCC', 'SECS-P/08'),
	(28, 'Strategie di marketing e comunicazione d’impresa', 'SECS-P/08'),
	(29, 'Scelta libera 1', 'Z-SL1'),
	(30, 'Scelta libera 2', 'Z-SL2'),
	(31, 'Laboratorio: English For Cultural Heritage', 'Z-ENGB1'),
	(32, 'Tirocinio/stage', 'Z-TIR1'),
	(33, 'Laboratorio di Storytelling', 'Z-LABST'),
	(34, 'Laboratorio di Design Transmediale', 'Z-LABDES'),
	(35, 'Laboratorio di Progettazione digitale dei beni culturali', 'Z-LABPR'),
	(36, 'Laboratorio di Digitalizzazione Beni Culturali', 'Z-LABDIG'),
	(37, 'Laboratorio di Soft Skills: Problem-solving, time management, team building', 'Z-LABSOFT'),
	(38, 'Archeologia e Storia dell’arte classica', 'L-ANT/07'),
	(39, 'Archeologia cristiana e medievale', 'L-ANT/08'),
	(40, 'Metodologia della ricerca archeologica', 'L-ANT/10'),
	(41, 'Patrimonio archeologico e museo virtuale', 'L-ANT/07'),
	(42, 'Antropologia visuale. Il cinema etnografico', 'M-DEA/01'),
	(43, 'Archivistica e biblioteconomia', 'M?STO/08'),
	(44, 'Archeologia digitale', 'L-ANT/10'),
	(45, 'Beni Demoetnoantropologici', 'M-DEA/01'),
	(46, 'Archivistica digitale', 'M-STO/08'),
	(47, 'Strategie di marketing e comunicazione d’impresa', 'SECS-P/08');
/*!40000 ALTER TABLE `zcfu_dis` ENABLE KEYS */;

-- Dump della struttura di tabella UniMarconiSia.zcfu_offerta
CREATE TABLE IF NOT EXISTS `zcfu_offerta` (
  `OFF_ID` int(11) NOT NULL AUTO_INCREMENT,
  `ORI_ID` smallint(6) DEFAULT '0',
  `DIS_ID` int(11) NOT NULL,
  `rosa` smallint(6) DEFAULT NULL,
  `maxCFU` smallint(6) DEFAULT NULL,
  `TAF` varchar(2) DEFAULT NULL,
  `CFU` tinyint(4) DEFAULT NULL,
  `ANNO` tinyint(4) DEFAULT NULL,
  `AA` varchar(10) DEFAULT NULL,
  `CDL` varchar(10) DEFAULT NULL,
  PRIMARY KEY (`OFF_ID`),
  KEY `FK_offerta_did_discipline` (`DIS_ID`),
  KEY `FK_offerta_did_orientamenti` (`ORI_ID`)
) ENGINE=InnoDB AUTO_INCREMENT=132 DEFAULT CHARSET=latin1 ROW_FORMAT=COMPACT;

-- Dump dei dati della tabella UniMarconiSia.zcfu_offerta: ~131 rows (circa)
/*!40000 ALTER TABLE `zcfu_offerta` DISABLE KEYS */;
INSERT INTO `zcfu_offerta` (`OFF_ID`, `ORI_ID`, `DIS_ID`, `rosa`, `maxCFU`, `TAF`, `CFU`, `ANNO`, `AA`, `CDL`) VALUES
	(1, 1, 1, 0, 0, 'A', 12, 1, '2025/2026', 'L1'),
	(2, 1, 1, 2, 1, 'A', 12, 1, '2025/2026', 'L1'),
	(3, 1, 3, 1, 12, 'A', 12, 1, '2025/2026', 'L1'),
	(4, 1, 4, 1, 12, 'A', 6, 1, '2025/2026', 'L1'),
	(5, 1, 5, 1, 12, 'A', 6, 1, '2025/2026', 'L1'),
	(6, 1, 6, 1, 12, 'A', 6, 1, '2025/2026', 'L1'),
	(7, 1, 7, 1, 12, 'A', 6, 1, '2025/2026', 'L1'),
	(8, 1, 8, 2, 12, 'A', 12, 1, '2025/2026', 'L1'),
	(9, 1, 9, 2, 12, 'A', 12, 1, '2025/2026', 'L1'),
	(10, 1, 10, 3, 6, 'A', 6, 1, '2025/2026', 'L1'),
	(11, 1, 11, 3, 6, 'A', 6, 1, '2025/2026', 'L1'),
	(12, 0, 12, 0, 0, 'B', 6, 1, '2025/2026', 'L1'),
	(13, 0, 13, 0, 0, 'B', 6, 1, '2025/2026', 'L1'),
	(14, 0, 14, 0, 0, 'F', 6, 1, '2025/2026', 'L1'),
	(15, 1, 15, 4, 12, 'A', 12, 2, '2025/2026', 'L1'),
	(16, 1, 16, 4, 12, 'A', 12, 2, '2025/2026', 'L1'),
	(17, 1, 17, 4, 12, 'A', 12, 2, '2025/2026', 'L1'),
	(18, 1, 18, 0, 0, 'B', 12, 2, '2025/2026', 'L1'),
	(19, 1, 19, 0, 0, 'B', 12, 2, '2025/2026', 'L1'),
	(20, 0, 20, 0, 0, 'B', 6, 2, '2025/2026', 'L1'),
	(21, 1, 21, 5, 12, 'C', 12, 2, '2025/2026', 'L1'),
	(22, 1, 22, 5, 12, 'C', 12, 2, '2025/2026', 'L1'),
	(23, 1, 23, 5, 12, 'C', 12, 2, '2025/2026', 'L1'),
	(24, 0, 24, 0, 0, 'E', 6, 2, '2025/2026', 'L1'),
	(25, 1, 25, 0, 0, 'B', 12, 3, '2025/2026', 'L1'),
	(26, 1, 26, 0, 0, 'B', 12, 3, '2025/2026', 'L1'),
	(27, 1, 27, 6, 6, 'C', 6, 3, '2025/2026', 'L1'),
	(28, 1, 28, 6, 6, 'C', 6, 3, '2025/2026', 'L1'),
	(29, 0, 29, 0, 0, 'D', 6, 3, '2025/2026', 'L1'),
	(30, 0, 30, 0, 0, 'D', 6, 3, '2025/2026', 'L1'),
	(31, 0, 31, 0, 0, 'F', 6, 3, '2025/2026', 'L1'),
	(32, 1, 32, 7, 6, 'F', 6, 3, '2025/2026', 'L1'),
	(33, 1, 33, 7, 6, 'F', 6, 3, '2025/2026', 'L1'),
	(34, 1, 34, 7, 6, 'F', 6, 3, '2025/2026', 'L1'),
	(35, 1, 35, 7, 6, 'F', 6, 3, '2025/2026', 'L1'),
	(36, 1, 36, 7, 6, 'F', 6, 3, '2025/2026', 'L1'),
	(37, 1, 37, 7, 6, 'F', 6, 3, '2025/2026', 'L1'),
	(38, 2, 2, 1, 12, 'A', 12, 1, '2025/2026', 'L1'),
	(39, 2, 3, 1, 12, 'A', 12, 1, '2025/2026', 'L1'),
	(40, 2, 4, 1, 12, 'A', 6, 1, '2025/2026', 'L1'),
	(41, 2, 5, 1, 12, 'A', 6, 1, '2025/2026', 'L1'),
	(42, 2, 6, 1, 12, 'A', 6, 1, '2025/2026', 'L1'),
	(43, 2, 7, 1, 12, 'A', 6, 1, '2025/2026', 'L1'),
	(44, 2, 8, 2, 12, 'A', 12, 1, '2025/2026', 'L1'),
	(45, 2, 9, 2, 12, 'A', 12, 1, '2025/2026', 'L1'),
	(46, 2, 10, 3, 6, 'A', 6, 1, '2025/2026', 'L1'),
	(47, 2, 11, 3, 6, 'A', 6, 1, '2025/2026', 'L1'),
	(48, 2, 15, 0, 0, 'A', 12, 2, '2025/2026', 'L1'),
	(49, 2, 38, 0, 0, 'B', 12, 2, '2025/2026', 'L1'),
	(50, 2, 39, 0, 0, 'B', 12, 2, '2025/2026', 'L1'),
	(51, 2, 21, 4, 12, 'C', 12, 2, '2025/2026', 'L1'),
	(52, 2, 22, 4, 12, 'C', 12, 2, '2025/2026', 'L1'),
	(53, 2, 23, 4, 12, 'C', 12, 2, '2025/2026', 'L1'),
	(54, 2, 40, 0, 0, 'B', 12, 3, '2025/2026', 'L1'),
	(55, 2, 41, 0, 0, 'B', 12, 3, '2025/2026', 'L1'),
	(56, 2, 27, 5, 6, 'C', 6, 3, '2025/2026', 'L1'),
	(57, 2, 28, 5, 6, 'C', 6, 3, '2025/2026', 'L1'),
	(58, 2, 32, 6, 6, 'F', 6, 3, '2025/2026', 'L1'),
	(59, 2, 33, 6, 6, 'F', 6, 3, '2025/2026', 'L1'),
	(60, 2, 34, 6, 6, 'F', 6, 3, '2025/2026', 'L1'),
	(61, 2, 35, 6, 6, 'F', 6, 3, '2025/2026', 'L1'),
	(62, 2, 36, 6, 6, 'F', 6, 3, '2025/2026', 'L1'),
	(63, 2, 37, 6, 6, 'F', 6, 3, '2025/2026', 'L1'),
	(64, 3, 2, 1, 12, 'A', 12, 1, '2025/2026', 'L1'),
	(65, 3, 3, 1, 12, 'A', 12, 1, '2025/2026', 'L1'),
	(66, 3, 4, 1, 12, 'A', 6, 1, '2025/2026', 'L1'),
	(67, 3, 5, 1, 12, 'A', 6, 1, '2025/2026', 'L1'),
	(68, 3, 6, 1, 12, 'A', 6, 1, '2025/2026', 'L1'),
	(69, 3, 7, 1, 12, 'A', 6, 1, '2025/2026', 'L1'),
	(70, 3, 8, 2, 12, 'A', 12, 1, '2025/2026', 'L1'),
	(71, 3, 9, 2, 12, 'A', 12, 1, '2025/2026', 'L1'),
	(72, 3, 10, 0, 0, 'A', 6, 1, '2025/2026', 'L1'),
	(73, 3, 15, 3, 12, 'A', 12, 2, '2025/2026', 'L1'),
	(74, 3, 16, 3, 12, 'A', 12, 2, '2025/2026', 'L1'),
	(75, 3, 17, 3, 12, 'A', 12, 2, '2025/2026', 'L1'),
	(76, 3, 42, 0, 0, 'B', 12, 2, '2025/2026', 'L1'),
	(77, 3, 18, 4, 12, 'B', 12, 2, '2025/2026', 'L1'),
	(78, 3, 19, 4, 12, 'B', 12, 2, '2025/2026', 'L1'),
	(79, 3, 38, 4, 12, 'B', 12, 2, '2025/2026', 'L1'),
	(80, 3, 39, 4, 12, 'B', 12, 2, '2025/2026', 'L1'),
	(81, 3, 43, 4, 12, 'B', 12, 2, '2025/2026', 'L1'),
	(82, 3, 21, 5, 12, 'C', 12, 2, '2025/2026', 'L1'),
	(83, 3, 22, 5, 12, 'C', 12, 2, '2025/2026', 'L1'),
	(84, 3, 23, 5, 12, 'C', 12, 2, '2025/2026', 'L1'),
	(85, 3, 26, 6, 12, 'B', 12, 3, '2025/2026', 'L1'),
	(86, 3, 44, 6, 12, 'B', 12, 3, '2025/2026', 'L1'),
	(87, 3, 41, 6, 12, 'B', 12, 3, '2025/2026', 'L1'),
	(88, 3, 45, 0, 0, 'B', 12, 3, '2025/2026', 'L1'),
	(89, 3, 27, 7, 6, 'C', 6, 3, '2025/2026', 'L1'),
	(90, 3, 28, 7, 6, 'C', 6, 3, '2025/2026', 'L1'),
	(91, 3, 32, 8, 6, 'F', 6, 3, '2025/2026', 'L1'),
	(92, 3, 33, 8, 6, 'F', 6, 3, '2025/2026', 'L1'),
	(93, 3, 34, 8, 6, 'F', 6, 3, '2025/2026', 'L1'),
	(94, 3, 35, 8, 6, 'F', 6, 3, '2025/2026', 'L1'),
	(95, 3, 36, 8, 6, 'F', 6, 3, '2025/2026', 'L1'),
	(96, 3, 37, 8, 6, 'F', 6, 3, '2025/2026', 'L1'),
	(97, 4, 2, 1, 12, 'A', 12, 1, '2025/2026', 'L1'),
	(98, 4, 3, 1, 12, 'A', 12, 1, '2025/2026', 'L1'),
	(99, 4, 4, 1, 12, 'A', 6, 1, '2025/2026', 'L1'),
	(100, 4, 5, 1, 12, 'A', 6, 1, '2025/2026', 'L1'),
	(101, 4, 6, 1, 12, 'A', 6, 1, '2025/2026', 'L1'),
	(102, 4, 7, 1, 12, 'A', 6, 1, '2025/2026', 'L1'),
	(103, 4, 8, 2, 12, 'A', 12, 1, '2025/2026', 'L1'),
	(104, 4, 9, 2, 12, 'A', 12, 1, '2025/2026', 'L1'),
	(105, 4, 10, 0, 0, 'A', 6, 1, '2025/2026', 'L1'),
	(106, 4, 15, 3, 12, 'A', 12, 2, '2025/2026', 'L1'),
	(107, 4, 16, 3, 12, 'A', 12, 2, '2025/2026', 'L1'),
	(108, 4, 17, 3, 12, 'A', 12, 2, '2025/2026', 'L1'),
	(109, 4, 43, 0, 0, 'B', 12, 2, '2025/2026', 'L1'),
	(110, 4, 18, 5, 12, 'B', 12, 2, '2025/2026', 'L1'),
	(111, 4, 19, 5, 12, 'B', 12, 2, '2025/2026', 'L1'),
	(112, 4, 38, 5, 12, 'B', 12, 2, '2025/2026', 'L1'),
	(113, 4, 39, 5, 12, 'B', 12, 2, '2025/2026', 'L1'),
	(114, 4, 42, 5, 12, 'B', 12, 2, '2025/2026', 'L1'),
	(115, 4, 21, 6, 12, 'C', 12, 2, '2025/2026', 'L1'),
	(116, 4, 22, 6, 12, 'C', 12, 2, '2025/2026', 'L1'),
	(117, 4, 23, 6, 12, 'C', 12, 2, '2025/2026', 'L1'),
	(118, 4, 26, 7, 12, 'B', 12, 3, '2025/2026', 'L1'),
	(119, 4, 44, 7, 12, 'B', 12, 3, '2025/2026', 'L1'),
	(120, 4, 41, 7, 12, 'B', 12, 3, '2025/2026', 'L1'),
	(121, 4, 45, 7, 12, 'B', 12, 3, '2025/2026', 'L1'),
	(122, 4, 40, 7, 12, 'B', 12, 3, '2025/2026', 'L1'),
	(123, 4, 46, 0, 0, 'B', 12, 3, '2025/2026', 'L1'),
	(124, 4, 27, 8, 6, 'C', 6, 3, '2025/2026', 'L1'),
	(125, 4, 28, 8, 6, 'C', 6, 3, '2025/2026', 'L1'),
	(126, 4, 32, 9, 6, 'F', 6, 3, '2025/2026', 'L1'),
	(127, 4, 33, 9, 6, 'F', 6, 3, '2025/2026', 'L1'),
	(128, 4, 34, 9, 6, 'F', 6, 3, '2025/2026', 'L1'),
	(129, 4, 35, 9, 6, 'F', 6, 3, '2025/2026', 'L1'),
	(130, 4, 36, 9, 6, 'F', 6, 3, '2025/2026', 'L1'),
	(131, 4, 37, 9, 6, 'F', 6, 3, '2025/2026', 'L1');
/*!40000 ALTER TABLE `zcfu_offerta` ENABLE KEYS */;

-- Dump della struttura di tabella UniMarconiSia.zcfu_regole
CREATE TABLE IF NOT EXISTS `zcfu_regole` (
  `ID_off` int(11) NOT NULL,
  `ID_ric` int(11) NOT NULL,
  `priorita` tinyint(4) NOT NULL
) ENGINE=InnoDB DEFAULT CHARSET=latin1 ROW_FORMAT=COMPACT;

-- Dump dei dati della tabella UniMarconiSia.zcfu_regole: ~1.175 rows (circa)
/*!40000 ALTER TABLE `zcfu_regole` DISABLE KEYS */;
INSERT INTO `zcfu_regole` (`ID_off`, `ID_ric`, `priorita`) VALUES
	(1, 1, 0),
	(1, 2, 1),
	(7, 3, 0),
	(7, 4, 0),
	(7, 5, 0),
	(2, 3, 0),
	(2, 4, 0),
	(2, 5, 0),
	(6, 3, 0),
	(6, 4, 0),
	(6, 5, 0),
	(3, 3, 0),
	(3, 4, 0),
	(3, 5, 0),
	(5, 3, 0),
	(5, 4, 0),
	(5, 5, 0),
	(4, 3, 0),
	(4, 4, 0),
	(4, 5, 0),
	(8, 6, 0),
	(8, 7, 0),
	(8, 8, 1),
	(8, 9, 1),
	(8, 10, 1),
	(8, 11, 1),
	(9, 6, 0),
	(9, 7, 0),
	(9, 8, 1),
	(9, 9, 1),
	(9, 10, 1),
	(9, 11, 1),
	(10, 12, 0),
	(10, 13, 0),
	(11, 12, 0),
	(11, 13, 0),
	(12, 14, 0),
	(12, 15, 1),
	(13, 16, 0),
	(13, 17, 1),
	(13, 8, 1),
	(13, 18, 1),
	(13, 19, 1),
	(13, 20, 1),
	(13, 21, 1),
	(13, 22, 1),
	(13, 23, 1),
	(13, 24, 1),
	(13, 25, 1),
	(13, 26, 1),
	(13, 27, 1),
	(13, 28, 1),
	(13, 29, 1),
	(13, 30, 1),
	(13, 31, 1),
	(13, 5, 1),
	(13, 32, 1),
	(13, 33, 1),
	(13, 34, 1),
	(13, 35, 1),
	(13, 12, 1),
	(13, 36, 1),
	(13, 13, 1),
	(13, 37, 1),
	(13, 38, 1),
	(13, 39, 1),
	(13, 40, 1),
	(14, 41, 0),
	(14, 42, 0),
	(15, 9, 0),
	(15, 10, 0),
	(15, 11, 0),
	(15, 8, 1),
	(15, 6, 1),
	(15, 7, 1),
	(16, 9, 0),
	(16, 10, 0),
	(16, 11, 0),
	(16, 8, 1),
	(16, 6, 1),
	(16, 7, 1),
	(17, 9, 0),
	(17, 10, 0),
	(17, 11, 0),
	(17, 8, 1),
	(17, 6, 1),
	(17, 7, 1),
	(18, 23, 0),
	(18, 17, 1),
	(18, 8, 1),
	(18, 18, 1),
	(18, 19, 1),
	(18, 20, 1),
	(18, 21, 1),
	(18, 22, 1),
	(18, 24, 1),
	(18, 25, 1),
	(18, 26, 1),
	(18, 27, 1),
	(18, 28, 1),
	(18, 29, 1),
	(18, 30, 1),
	(18, 31, 1),
	(18, 5, 1),
	(18, 32, 1),
	(18, 33, 1),
	(18, 34, 1),
	(18, 35, 1),
	(18, 12, 1),
	(18, 36, 1),
	(18, 13, 1),
	(18, 37, 1),
	(18, 38, 1),
	(18, 39, 1),
	(18, 16, 1),
	(18, 40, 1),
	(19, 24, 0),
	(19, 17, 1),
	(19, 8, 1),
	(19, 18, 1),
	(19, 19, 1),
	(19, 20, 1),
	(19, 21, 1),
	(19, 22, 1),
	(19, 23, 1),
	(19, 25, 1),
	(19, 26, 1),
	(19, 27, 1),
	(19, 28, 1),
	(19, 29, 1),
	(19, 30, 1),
	(19, 31, 1),
	(19, 5, 1),
	(19, 32, 1),
	(19, 33, 1),
	(19, 34, 1),
	(19, 35, 1),
	(19, 12, 1),
	(19, 36, 1),
	(19, 13, 1),
	(19, 37, 1),
	(19, 38, 1),
	(19, 39, 1),
	(19, 16, 1),
	(19, 40, 1),
	(20, 38, 0),
	(20, 17, 1),
	(20, 8, 1),
	(20, 18, 1),
	(20, 19, 1),
	(20, 20, 1),
	(20, 21, 1),
	(20, 22, 1),
	(20, 23, 1),
	(20, 24, 1),
	(20, 25, 1),
	(20, 26, 1),
	(20, 27, 1),
	(20, 28, 1),
	(20, 29, 1),
	(20, 30, 1),
	(20, 31, 1),
	(20, 5, 1),
	(20, 32, 1),
	(20, 33, 1),
	(20, 34, 1),
	(20, 35, 1),
	(20, 12, 1),
	(20, 36, 1),
	(20, 13, 1),
	(20, 37, 1),
	(20, 39, 1),
	(20, 16, 1),
	(20, 40, 1),
	(21, 41, 0),
	(21, 42, 0),
	(21, 43, 1),
	(22, 41, 0),
	(22, 42, 0),
	(22, 43, 1),
	(23, 41, 0),
	(23, 42, 0),
	(23, 43, 1),
	(24, 44, 0),
	(25, 26, 0),
	(25, 17, 1),
	(25, 8, 1),
	(25, 18, 1),
	(25, 19, 1),
	(25, 20, 1),
	(25, 21, 1),
	(25, 22, 1),
	(25, 23, 1),
	(25, 24, 1),
	(25, 25, 1),
	(25, 27, 1),
	(25, 28, 1),
	(25, 29, 1),
	(25, 30, 1),
	(25, 31, 1),
	(25, 5, 1),
	(25, 32, 1),
	(25, 33, 1),
	(25, 34, 1),
	(25, 35, 1),
	(25, 12, 1),
	(25, 36, 1),
	(25, 13, 1),
	(25, 37, 1),
	(25, 38, 1),
	(25, 39, 1),
	(25, 16, 1),
	(25, 40, 1),
	(26, 25, 0),
	(26, 17, 1),
	(26, 8, 1),
	(26, 18, 1),
	(26, 19, 1),
	(26, 20, 1),
	(26, 21, 1),
	(26, 22, 1),
	(26, 23, 1),
	(26, 24, 1),
	(26, 26, 1),
	(26, 27, 1),
	(26, 28, 1),
	(26, 29, 1),
	(26, 30, 1),
	(26, 31, 1),
	(26, 5, 1),
	(26, 32, 1),
	(26, 33, 1),
	(26, 34, 1),
	(26, 35, 1),
	(26, 12, 1),
	(26, 36, 1),
	(26, 13, 1),
	(26, 37, 1),
	(26, 38, 1),
	(26, 39, 1),
	(26, 16, 1),
	(26, 40, 1),
	(27, 43, 0),
	(27, 41, 1),
	(27, 42, 1),
	(28, 43, 0),
	(28, 41, 1),
	(28, 42, 1),
	(31, 44, 0),
	(43, 3, 0),
	(43, 4, 0),
	(43, 5, 0),
	(38, 3, 0),
	(38, 4, 0),
	(38, 5, 0),
	(42, 3, 0),
	(42, 4, 0),
	(42, 5, 0),
	(39, 3, 0),
	(39, 4, 0),
	(39, 5, 0),
	(41, 3, 0),
	(41, 4, 0),
	(41, 5, 0),
	(40, 3, 0),
	(40, 4, 0),
	(40, 5, 0),
	(44, 6, 0),
	(44, 7, 0),
	(44, 8, 1),
	(44, 9, 1),
	(44, 10, 1),
	(44, 11, 1),
	(45, 6, 0),
	(45, 7, 0),
	(45, 8, 1),
	(45, 9, 1),
	(45, 10, 1),
	(45, 11, 1),
	(46, 12, 0),
	(46, 13, 0),
	(47, 12, 0),
	(47, 13, 0),
	(48, 9, 0),
	(48, 8, 1),
	(48, 6, 1),
	(48, 7, 1),
	(48, 10, 1),
	(48, 11, 1),
	(49, 19, 0),
	(49, 17, 1),
	(49, 8, 1),
	(49, 18, 1),
	(49, 20, 1),
	(49, 21, 1),
	(49, 22, 1),
	(49, 23, 1),
	(49, 24, 1),
	(49, 25, 1),
	(49, 26, 1),
	(49, 27, 1),
	(49, 28, 1),
	(49, 29, 1),
	(49, 30, 1),
	(49, 31, 1),
	(49, 5, 1),
	(49, 32, 1),
	(49, 33, 1),
	(49, 34, 1),
	(49, 35, 1),
	(49, 12, 1),
	(49, 36, 1),
	(49, 13, 1),
	(49, 37, 1),
	(49, 38, 1),
	(49, 39, 1),
	(49, 16, 1),
	(49, 40, 1),
	(50, 20, 0),
	(50, 17, 1),
	(50, 8, 1),
	(50, 18, 1),
	(50, 19, 1),
	(50, 21, 1),
	(50, 22, 1),
	(50, 23, 1),
	(50, 24, 1),
	(50, 25, 1),
	(50, 26, 1),
	(50, 27, 1),
	(50, 28, 1),
	(50, 29, 1),
	(50, 30, 1),
	(50, 31, 1),
	(50, 5, 1),
	(50, 32, 1),
	(50, 33, 1),
	(50, 34, 1),
	(50, 35, 1),
	(50, 12, 1),
	(50, 36, 1),
	(50, 13, 1),
	(50, 37, 1),
	(50, 38, 1),
	(50, 39, 1),
	(50, 16, 1),
	(50, 40, 1),
	(51, 41, 0),
	(51, 42, 0),
	(51, 43, 1),
	(52, 41, 0),
	(52, 42, 0),
	(52, 43, 1),
	(53, 41, 0),
	(53, 42, 0),
	(53, 43, 1),
	(54, 22, 0),
	(54, 17, 1),
	(54, 8, 1),
	(54, 18, 1),
	(54, 19, 1),
	(54, 20, 1),
	(54, 21, 1),
	(54, 23, 1),
	(54, 24, 1),
	(54, 25, 1),
	(54, 26, 1),
	(54, 27, 1),
	(54, 28, 1),
	(54, 29, 1),
	(54, 30, 1),
	(54, 31, 1),
	(54, 5, 1),
	(54, 32, 1),
	(54, 33, 1),
	(54, 34, 1),
	(54, 35, 1),
	(54, 12, 1),
	(54, 36, 1),
	(54, 13, 1),
	(54, 37, 1),
	(54, 38, 1),
	(54, 39, 1),
	(54, 16, 1),
	(54, 40, 1),
	(55, 19, 0),
	(55, 17, 1),
	(55, 8, 1),
	(55, 18, 1),
	(55, 20, 1),
	(55, 21, 1),
	(55, 22, 1),
	(55, 23, 1),
	(55, 24, 1),
	(55, 25, 1),
	(55, 26, 1),
	(55, 27, 1),
	(55, 28, 1),
	(55, 29, 1),
	(55, 30, 1),
	(55, 31, 1),
	(55, 5, 1),
	(55, 32, 1),
	(55, 33, 1),
	(55, 34, 1),
	(55, 35, 1),
	(55, 12, 1),
	(55, 36, 1),
	(55, 13, 1),
	(55, 37, 1),
	(55, 38, 1),
	(55, 39, 1),
	(55, 16, 1),
	(55, 40, 1),
	(56, 43, 0),
	(56, 41, 1),
	(56, 42, 1),
	(57, 43, 0),
	(57, 41, 1),
	(57, 42, 1),
	(69, 3, 0),
	(69, 4, 0),
	(69, 5, 0),
	(64, 3, 0),
	(64, 4, 0),
	(64, 5, 0),
	(68, 3, 0),
	(68, 4, 0),
	(68, 5, 0),
	(65, 3, 0),
	(65, 4, 0),
	(65, 5, 0),
	(67, 3, 0),
	(67, 4, 0),
	(67, 5, 0),
	(66, 3, 0),
	(66, 4, 0),
	(66, 5, 0),
	(70, 6, 0),
	(70, 7, 0),
	(70, 8, 1),
	(70, 9, 1),
	(70, 10, 1),
	(70, 11, 1),
	(71, 6, 0),
	(71, 7, 0),
	(71, 8, 1),
	(71, 9, 1),
	(71, 10, 1),
	(71, 11, 1),
	(72, 12, 0),
	(72, 13, 1),
	(73, 9, 0),
	(73, 10, 0),
	(73, 11, 0),
	(73, 8, 1),
	(73, 6, 1),
	(73, 7, 1),
	(74, 9, 0),
	(74, 10, 0),
	(74, 11, 0),
	(74, 8, 1),
	(74, 6, 1),
	(74, 7, 1),
	(75, 9, 0),
	(75, 10, 0),
	(75, 11, 0),
	(75, 8, 1),
	(75, 6, 1),
	(75, 7, 1),
	(76, 12, 0),
	(76, 17, 1),
	(76, 8, 1),
	(76, 18, 1),
	(76, 19, 1),
	(76, 20, 1),
	(76, 21, 1),
	(76, 22, 1),
	(76, 23, 1),
	(76, 24, 1),
	(76, 25, 1),
	(76, 26, 1),
	(76, 27, 1),
	(76, 28, 1),
	(76, 29, 1),
	(76, 30, 1),
	(76, 31, 1),
	(76, 5, 1),
	(76, 32, 1),
	(76, 33, 1),
	(76, 34, 1),
	(76, 35, 1),
	(76, 36, 1),
	(76, 13, 1),
	(76, 37, 1),
	(76, 38, 1),
	(76, 39, 1),
	(76, 16, 1),
	(76, 40, 1),
	(77, 23, 0),
	(77, 24, 0),
	(77, 19, 0),
	(77, 20, 0),
	(77, 38, 0),
	(77, 17, 1),
	(77, 8, 1),
	(77, 18, 1),
	(77, 21, 1),
	(77, 22, 1),
	(77, 25, 1),
	(77, 26, 1),
	(77, 27, 1),
	(77, 28, 1),
	(77, 29, 1),
	(77, 30, 1),
	(77, 31, 1),
	(77, 5, 1),
	(77, 32, 1),
	(77, 33, 1),
	(77, 34, 1),
	(77, 35, 1),
	(77, 12, 1),
	(77, 36, 1),
	(77, 13, 1),
	(77, 37, 1),
	(77, 39, 1),
	(77, 16, 1),
	(77, 40, 1),
	(78, 23, 0),
	(78, 24, 0),
	(78, 19, 0),
	(78, 20, 0),
	(78, 38, 0),
	(78, 17, 1),
	(78, 8, 1),
	(78, 18, 1),
	(78, 21, 1),
	(78, 22, 1),
	(78, 25, 1),
	(78, 26, 1),
	(78, 27, 1),
	(78, 28, 1),
	(78, 29, 1),
	(78, 30, 1),
	(78, 31, 1),
	(78, 5, 1),
	(78, 32, 1),
	(78, 33, 1),
	(78, 34, 1),
	(78, 35, 1),
	(78, 12, 1),
	(78, 36, 1),
	(78, 13, 1),
	(78, 37, 1),
	(78, 39, 1),
	(78, 16, 1),
	(78, 40, 1),
	(79, 23, 0),
	(79, 24, 0),
	(79, 19, 0),
	(79, 20, 0),
	(79, 38, 0),
	(79, 17, 1),
	(79, 8, 1),
	(79, 18, 1),
	(79, 21, 1),
	(79, 22, 1),
	(79, 25, 1),
	(79, 26, 1),
	(79, 27, 1),
	(79, 28, 1),
	(79, 29, 1),
	(79, 30, 1),
	(79, 31, 1),
	(79, 5, 1),
	(79, 32, 1),
	(79, 33, 1),
	(79, 34, 1),
	(79, 35, 1),
	(79, 12, 1),
	(79, 36, 1),
	(79, 13, 1),
	(79, 37, 1),
	(79, 39, 1),
	(79, 16, 1),
	(79, 40, 1),
	(80, 23, 0),
	(80, 24, 0),
	(80, 19, 0),
	(80, 20, 0),
	(80, 38, 0),
	(80, 17, 1),
	(80, 8, 1),
	(80, 18, 1),
	(80, 21, 1),
	(80, 22, 1),
	(80, 25, 1),
	(80, 26, 1),
	(80, 27, 1),
	(80, 28, 1),
	(80, 29, 1),
	(80, 30, 1),
	(80, 31, 1),
	(80, 5, 1),
	(80, 32, 1),
	(80, 33, 1),
	(80, 34, 1),
	(80, 35, 1),
	(80, 12, 1),
	(80, 36, 1),
	(80, 13, 1),
	(80, 37, 1),
	(80, 39, 1),
	(80, 16, 1),
	(80, 40, 1),
	(81, 23, 0),
	(81, 24, 0),
	(81, 19, 0),
	(81, 20, 0),
	(81, 38, 0),
	(81, 17, 1),
	(81, 8, 1),
	(81, 18, 1),
	(81, 21, 1),
	(81, 22, 1),
	(81, 25, 1),
	(81, 26, 1),
	(81, 27, 1),
	(81, 28, 1),
	(81, 29, 1),
	(81, 30, 1),
	(81, 31, 1),
	(81, 5, 1),
	(81, 32, 1),
	(81, 33, 1),
	(81, 34, 1),
	(81, 35, 1),
	(81, 12, 1),
	(81, 36, 1),
	(81, 13, 1),
	(81, 37, 1),
	(81, 39, 1),
	(81, 16, 1),
	(81, 40, 1),
	(82, 41, 0),
	(82, 42, 0),
	(82, 43, 1),
	(83, 41, 0),
	(83, 42, 0),
	(83, 43, 1),
	(84, 41, 0),
	(84, 42, 0),
	(84, 43, 1),
	(85, 19, 0),
	(85, 22, 0),
	(85, 25, 0),
	(85, 17, 1),
	(85, 8, 1),
	(85, 18, 1),
	(85, 20, 1),
	(85, 21, 1),
	(85, 23, 1),
	(85, 24, 1),
	(85, 26, 1),
	(85, 27, 1),
	(85, 28, 1),
	(85, 29, 1),
	(85, 30, 1),
	(85, 31, 1),
	(85, 5, 1),
	(85, 32, 1),
	(85, 33, 1),
	(85, 34, 1),
	(85, 35, 1),
	(85, 12, 1),
	(85, 36, 1),
	(85, 13, 1),
	(85, 37, 1),
	(85, 38, 1),
	(85, 39, 1),
	(85, 16, 1),
	(85, 40, 1),
	(86, 19, 0),
	(86, 22, 0),
	(86, 25, 0),
	(86, 17, 1),
	(86, 8, 1),
	(86, 18, 1),
	(86, 20, 1),
	(86, 21, 1),
	(86, 23, 1),
	(86, 24, 1),
	(86, 26, 1),
	(86, 27, 1),
	(86, 28, 1),
	(86, 29, 1),
	(86, 30, 1),
	(86, 31, 1),
	(86, 5, 1),
	(86, 32, 1),
	(86, 33, 1),
	(86, 34, 1),
	(86, 35, 1),
	(86, 12, 1),
	(86, 36, 1),
	(86, 13, 1),
	(86, 37, 1),
	(86, 38, 1),
	(86, 39, 1),
	(86, 16, 1),
	(86, 40, 1),
	(87, 19, 0),
	(87, 22, 0),
	(87, 25, 0),
	(87, 17, 1),
	(87, 8, 1),
	(87, 18, 1),
	(87, 20, 1),
	(87, 21, 1),
	(87, 23, 1),
	(87, 24, 1),
	(87, 26, 1),
	(87, 27, 1),
	(87, 28, 1),
	(87, 29, 1),
	(87, 30, 1),
	(87, 31, 1),
	(87, 5, 1),
	(87, 32, 1),
	(87, 33, 1),
	(87, 34, 1),
	(87, 35, 1),
	(87, 12, 1),
	(87, 36, 1),
	(87, 13, 1),
	(87, 37, 1),
	(87, 38, 1),
	(87, 39, 1),
	(87, 16, 1),
	(87, 40, 1),
	(88, 12, 0),
	(88, 17, 1),
	(88, 8, 1),
	(88, 18, 1),
	(88, 19, 1),
	(88, 20, 1),
	(88, 21, 1),
	(88, 22, 1),
	(88, 23, 1),
	(88, 24, 1),
	(88, 25, 1),
	(88, 26, 1),
	(88, 27, 1),
	(88, 28, 1),
	(88, 29, 1),
	(88, 30, 1),
	(88, 31, 1),
	(88, 5, 1),
	(88, 32, 1),
	(88, 33, 1),
	(88, 34, 1),
	(88, 35, 1),
	(88, 36, 1),
	(88, 13, 1),
	(88, 37, 1),
	(88, 38, 1),
	(88, 39, 1),
	(88, 16, 1),
	(88, 40, 1),
	(89, 43, 0),
	(89, 41, 1),
	(89, 42, 1),
	(90, 43, 0),
	(90, 41, 1),
	(90, 42, 1),
	(102, 3, 0),
	(102, 4, 0),
	(102, 5, 0),
	(97, 3, 0),
	(97, 4, 0),
	(97, 5, 0),
	(101, 3, 0),
	(101, 4, 0),
	(101, 5, 0),
	(98, 3, 0),
	(98, 4, 0),
	(98, 5, 0),
	(100, 3, 0),
	(100, 4, 0),
	(100, 5, 0),
	(99, 3, 0),
	(99, 4, 0),
	(99, 5, 0),
	(103, 6, 0),
	(103, 7, 0),
	(103, 8, 1),
	(103, 9, 1),
	(103, 10, 1),
	(103, 11, 1),
	(104, 6, 0),
	(104, 7, 0),
	(104, 8, 1),
	(104, 9, 1),
	(104, 10, 1),
	(104, 11, 1),
	(105, 12, 0),
	(105, 13, 1),
	(106, 9, 0),
	(106, 10, 0),
	(106, 11, 0),
	(106, 8, 1),
	(106, 6, 1),
	(106, 7, 1),
	(107, 9, 0),
	(107, 10, 0),
	(107, 11, 0),
	(107, 8, 1),
	(107, 6, 1),
	(107, 7, 1),
	(108, 9, 0),
	(108, 10, 0),
	(108, 11, 0),
	(108, 8, 1),
	(108, 6, 1),
	(108, 7, 1),
	(109, 38, 0),
	(109, 17, 1),
	(109, 8, 1),
	(109, 18, 1),
	(109, 19, 1),
	(109, 20, 1),
	(109, 21, 1),
	(109, 22, 1),
	(109, 23, 1),
	(109, 24, 1),
	(109, 25, 1),
	(109, 26, 1),
	(109, 27, 1),
	(109, 28, 1),
	(109, 29, 1),
	(109, 30, 1),
	(109, 31, 1),
	(109, 5, 1),
	(109, 32, 1),
	(109, 33, 1),
	(109, 34, 1),
	(109, 35, 1),
	(109, 12, 1),
	(109, 36, 1),
	(109, 13, 1),
	(109, 37, 1),
	(109, 39, 1),
	(109, 16, 1),
	(109, 40, 1),
	(110, 23, 0),
	(110, 24, 0),
	(110, 19, 0),
	(110, 20, 0),
	(110, 12, 0),
	(110, 17, 1),
	(110, 8, 1),
	(110, 18, 1),
	(110, 21, 1),
	(110, 22, 1),
	(110, 25, 1),
	(110, 26, 1),
	(110, 27, 1),
	(110, 28, 1),
	(110, 29, 1),
	(110, 30, 1),
	(110, 31, 1),
	(110, 5, 1),
	(110, 32, 1),
	(110, 33, 1),
	(110, 34, 1),
	(110, 35, 1),
	(110, 36, 1),
	(110, 13, 1),
	(110, 37, 1),
	(110, 38, 1),
	(110, 39, 1),
	(110, 16, 1),
	(110, 40, 1),
	(111, 23, 0),
	(111, 24, 0),
	(111, 19, 0),
	(111, 20, 0),
	(111, 12, 0),
	(111, 17, 1),
	(111, 8, 1),
	(111, 18, 1),
	(111, 21, 1),
	(111, 22, 1),
	(111, 25, 1),
	(111, 26, 1),
	(111, 27, 1),
	(111, 28, 1),
	(111, 29, 1),
	(111, 30, 1),
	(111, 31, 1),
	(111, 5, 1),
	(111, 32, 1),
	(111, 33, 1),
	(111, 34, 1),
	(111, 35, 1),
	(111, 36, 1),
	(111, 13, 1),
	(111, 37, 1),
	(111, 38, 1),
	(111, 39, 1),
	(111, 16, 1),
	(111, 40, 1),
	(112, 23, 0),
	(112, 24, 0),
	(112, 19, 0),
	(112, 20, 0),
	(112, 12, 0),
	(112, 17, 1),
	(112, 8, 1),
	(112, 18, 1),
	(112, 21, 1),
	(112, 22, 1),
	(112, 25, 1),
	(112, 26, 1),
	(112, 27, 1),
	(112, 28, 1),
	(112, 29, 1),
	(112, 30, 1),
	(112, 31, 1),
	(112, 5, 1),
	(112, 32, 1),
	(112, 33, 1),
	(112, 34, 1),
	(112, 35, 1),
	(112, 36, 1),
	(112, 13, 1),
	(112, 37, 1),
	(112, 38, 1),
	(112, 39, 1),
	(112, 16, 1),
	(112, 40, 1),
	(113, 23, 0),
	(113, 24, 0),
	(113, 19, 0),
	(113, 20, 0),
	(113, 12, 0),
	(113, 17, 1),
	(113, 8, 1),
	(113, 18, 1),
	(113, 21, 1),
	(113, 22, 1),
	(113, 25, 1),
	(113, 26, 1),
	(113, 27, 1),
	(113, 28, 1),
	(113, 29, 1),
	(113, 30, 1),
	(113, 31, 1),
	(113, 5, 1),
	(113, 32, 1),
	(113, 33, 1),
	(113, 34, 1),
	(113, 35, 1),
	(113, 36, 1),
	(113, 13, 1),
	(113, 37, 1),
	(113, 38, 1),
	(113, 39, 1),
	(113, 16, 1),
	(113, 40, 1),
	(114, 23, 0),
	(114, 24, 0),
	(114, 19, 0),
	(114, 20, 0),
	(114, 12, 0),
	(114, 17, 1),
	(114, 8, 1),
	(114, 18, 1),
	(114, 21, 1),
	(114, 22, 1),
	(114, 25, 1),
	(114, 26, 1),
	(114, 27, 1),
	(114, 28, 1),
	(114, 29, 1),
	(114, 30, 1),
	(114, 31, 1),
	(114, 5, 1),
	(114, 32, 1),
	(114, 33, 1),
	(114, 34, 1),
	(114, 35, 1),
	(114, 36, 1),
	(114, 13, 1),
	(114, 37, 1),
	(114, 38, 1),
	(114, 39, 1),
	(114, 16, 1),
	(114, 40, 1),
	(115, 41, 0),
	(115, 42, 0),
	(115, 43, 1),
	(116, 41, 0),
	(116, 42, 0),
	(116, 43, 1),
	(117, 41, 0),
	(117, 42, 0),
	(117, 43, 1),
	(118, 19, 0),
	(118, 22, 0),
	(118, 25, 0),
	(118, 12, 0),
	(118, 17, 1),
	(118, 8, 1),
	(118, 18, 1),
	(118, 20, 1),
	(118, 21, 1),
	(118, 23, 1),
	(118, 24, 1),
	(118, 26, 1),
	(118, 27, 1),
	(118, 28, 1),
	(118, 29, 1),
	(118, 30, 1),
	(118, 31, 1),
	(118, 5, 1),
	(118, 32, 1),
	(118, 33, 1),
	(118, 34, 1),
	(118, 35, 1),
	(118, 36, 1),
	(118, 13, 1),
	(118, 37, 1),
	(118, 38, 1),
	(118, 39, 1),
	(118, 16, 1),
	(118, 40, 1),
	(119, 19, 0),
	(119, 22, 0),
	(119, 25, 0),
	(119, 12, 0),
	(119, 17, 1),
	(119, 8, 1),
	(119, 18, 1),
	(119, 20, 1),
	(119, 21, 1),
	(119, 23, 1),
	(119, 24, 1),
	(119, 26, 1),
	(119, 27, 1),
	(119, 28, 1),
	(119, 29, 1),
	(119, 30, 1),
	(119, 31, 1),
	(119, 5, 1),
	(119, 32, 1),
	(119, 33, 1),
	(119, 34, 1),
	(119, 35, 1),
	(119, 36, 1),
	(119, 13, 1),
	(119, 37, 1),
	(119, 38, 1),
	(119, 39, 1),
	(119, 16, 1),
	(119, 40, 1),
	(122, 19, 0),
	(122, 22, 0),
	(122, 25, 0),
	(122, 12, 0),
	(122, 17, 1),
	(122, 8, 1),
	(122, 18, 1),
	(122, 20, 1),
	(122, 21, 1),
	(122, 23, 1),
	(122, 24, 1),
	(122, 26, 1),
	(122, 27, 1),
	(122, 28, 1),
	(122, 29, 1),
	(122, 30, 1),
	(122, 31, 1),
	(122, 5, 1),
	(122, 32, 1),
	(122, 33, 1),
	(122, 34, 1),
	(122, 35, 1),
	(122, 36, 1),
	(122, 13, 1),
	(122, 37, 1),
	(122, 38, 1),
	(122, 39, 1),
	(122, 16, 1),
	(122, 40, 1),
	(120, 19, 0),
	(120, 22, 0),
	(120, 25, 0),
	(120, 12, 0),
	(120, 17, 1),
	(120, 8, 1),
	(120, 18, 1),
	(120, 20, 1),
	(120, 21, 1),
	(120, 23, 1),
	(120, 24, 1),
	(120, 26, 1),
	(120, 27, 1),
	(120, 28, 1),
	(120, 29, 1),
	(120, 30, 1),
	(120, 31, 1),
	(120, 5, 1),
	(120, 32, 1),
	(120, 33, 1),
	(120, 34, 1),
	(120, 35, 1),
	(120, 36, 1),
	(120, 13, 1),
	(120, 37, 1),
	(120, 38, 1),
	(120, 39, 1),
	(120, 16, 1),
	(120, 40, 1),
	(121, 19, 0),
	(121, 22, 0),
	(121, 25, 0),
	(121, 12, 0),
	(121, 17, 1),
	(121, 8, 1),
	(121, 18, 1),
	(121, 20, 1),
	(121, 21, 1),
	(121, 23, 1),
	(121, 24, 1),
	(121, 26, 1),
	(121, 27, 1),
	(121, 28, 1),
	(121, 29, 1),
	(121, 30, 1),
	(121, 31, 1),
	(121, 5, 1),
	(121, 32, 1),
	(121, 33, 1),
	(121, 34, 1),
	(121, 35, 1),
	(121, 36, 1),
	(121, 13, 1),
	(121, 37, 1),
	(121, 38, 1),
	(121, 39, 1),
	(121, 16, 1),
	(121, 40, 1),
	(123, 38, 0),
	(123, 17, 1),
	(123, 8, 1),
	(123, 18, 1),
	(123, 19, 1),
	(123, 20, 1),
	(123, 21, 1),
	(123, 22, 1),
	(123, 23, 1),
	(123, 24, 1),
	(123, 25, 1),
	(123, 26, 1),
	(123, 27, 1),
	(123, 28, 1),
	(123, 29, 1),
	(123, 30, 1),
	(123, 31, 1),
	(123, 5, 1),
	(123, 32, 1),
	(123, 33, 1),
	(123, 34, 1),
	(123, 35, 1),
	(123, 12, 1),
	(123, 36, 1),
	(123, 13, 1),
	(123, 37, 1),
	(123, 39, 1),
	(123, 16, 1),
	(123, 40, 1),
	(124, 43, 0),
	(124, 41, 1),
	(124, 42, 1),
	(125, 43, 0),
	(125, 41, 1),
	(125, 42, 1);
/*!40000 ALTER TABLE `zcfu_regole` ENABLE KEYS */;

-- Dump della struttura di tabella UniMarconiSia.zcfu_riconoscibile
CREATE TABLE IF NOT EXISTS `zcfu_riconoscibile` (
  `ID_ric` int(11) NOT NULL,
  `riconoscibile` varchar(255) DEFAULT NULL,
  `CDL` varchar(20) DEFAULT NULL,
  PRIMARY KEY (`ID_ric`)
) ENGINE=InnoDB DEFAULT CHARSET=latin1 ROW_FORMAT=COMPACT;

-- Dump dei dati della tabella UniMarconiSia.zcfu_riconoscibile: ~44 rows (circa)
/*!40000 ALTER TABLE `zcfu_riconoscibile` DISABLE KEYS */;
INSERT INTO `zcfu_riconoscibile` (`ID_ric`, `riconoscibile`, `CDL`) VALUES
	(1, 'L-FIL-LET/10', 'L1'),
	(2, 'L-FIL-LET/12', 'L1'),
	(3, 'L-FIL-LET/02', 'L1'),
	(4, 'L-FIL-LET/04', 'L1'),
	(5, 'L-FIL-LET/05', 'L1'),
	(6, 'L-ANT/02', 'L1'),
	(7, 'L-ANT/03', 'L1'),
	(8, 'L-ANT/01', 'L1'),
	(9, 'M-STO/01', 'L1'),
	(10, 'M-STO/02', 'L1'),
	(11, 'M-STO/04', 'L1'),
	(12, 'M-DEA/01', 'L1'),
	(13, 'M-GGR/01', 'L1'),
	(14, 'IUS/10', 'L1'),
	(15, 'IUS/09', 'L1'),
	(16, 'SPS/08', 'L1'),
	(17, 'ICAR/19', 'L1'),
	(18, 'L-ANT/06', 'L1'),
	(19, 'L-ANT/07', 'L1'),
	(20, 'L-ANT/08', 'L1'),
	(21, 'L-ANT/09', 'L1'),
	(22, 'L-ANT/10', 'L1'),
	(23, 'L-ART/01', 'L1'),
	(24, 'L-ART/02', 'L1'),
	(25, 'L-ART/03', 'L1'),
	(26, 'L-ART/04', 'L1'),
	(27, 'L-ART/05', 'L1'),
	(28, 'L-ART/06', 'L1'),
	(29, 'L-ART/07', 'L1'),
	(30, 'L-ART/08', 'L1'),
	(31, 'L-FIL-LET/01', 'L1'),
	(32, 'L-OR/05', 'L1'),
	(33, 'L-OR/06', 'L1'),
	(34, 'L-OR/16', 'L1'),
	(35, 'L-OR/20', 'L1'),
	(36, 'M-FIL/04', 'L1'),
	(37, 'M-GGR/02', 'L1'),
	(38, 'M-STO/08', 'L1'),
	(39, 'M-STO/09', 'L1'),
	(40, 'SPS/10', 'L1'),
	(41, 'INF/01', 'L1'),
	(42, 'ING-INF/05', 'L1'),
	(43, 'SECS-P/08', 'L1'),
	(44, 'L-LIN/12', 'L1');
/*!40000 ALTER TABLE `zcfu_riconoscibile` ENABLE KEYS */;

/*!40101 SET SQL_MODE=IFNULL(@OLD_SQL_MODE, '') */;
/*!40014 SET FOREIGN_KEY_CHECKS=IF(@OLD_FOREIGN_KEY_CHECKS IS NULL, 1, @OLD_FOREIGN_KEY_CHECKS) */;
/*!40101 SET CHARACTER_SET_CLIENT=@OLD_CHARACTER_SET_CLIENT */;
